source_name,source_job_id,job_fingerprint,title,company_name,location_city,location_country,posting_date,source_url
careerjet,,32f53fbaa6a378029487a631d779eb9d3b06106fc99d0556ae74e8dc428c4497,RCM Electrical Engineer | Saudi Arabia,Hudson Manpower,Al Jubayl,Ash Sharqiyah,,https://jobviewtrack.com/v2/D8Y5rUt0qyQslZaTZTpdfiiH4gjjbwNFUxngYS79UEAl-buZxJX-NpGxtba5uMbI1Roc-N4FzKr5JDeLu-i5Piiu08LoXpjS2NWVmJuzq_V5yiA3vXwQeEzY3dn9GKNBMrCZZUfED6gGKwv11mIZsRCKVQ1tJe7DtIKUAKgvKWBl0HizAwwK05BJgWwnkDVDcVJgi2rVaZ84vm06yEeaVw
careerjet,,66329b4dd0b7e5b0ec4c6c9cef8164a0e76147fff32f394b395800e891d71b8c,Information Technology Instructor,Gadget Express,Riyadh,,,https://jobviewtrack.com/v2/bOPbEfPXp03pBIUwKrgy2EhNj0Td1Ji1KHNCtt8N3wqbavEDQUMXuiSXa8CpMgs984EQz7Y4xypeWn9WlMHXNbef1eVvBGQ9FFwoaIsZ4Ax33jXT0-8pQYdfQbrEJRPhvkwrgodvZYulBvlvyzoRmAuAyXlEcxtXf0IJ9B598f27qNVeOkmwRDXh-PKPnUqFTb0tfp1A1N0iiOfQ2Czpsg
careerjet,,2a214aa87d6790f446b40306899e9ddf699f63ef0855f2806f5799a9c5052bb2,"Director - Retail Asset Management | Dammam, Saudi Arabia | Real Estate",Mindfield Resources,Dammam,Ash Sharqiyah,,https://jobviewtrack.com/v2/7EePfZXXKQCVUFNwaAK04IKnTErvnsObiSgOEW4YZNjC6QrF2AfXx9bG1NUaeyOPhZBTTvY5gYAh5pPbWJOAYb9oUSmY7Gjih5apE5-rkzIvBS5EHC9PxNND7fN8v1UaiblkMqqEGVL119datqfkPDXF8LPim43EJM9-anj4w-t7l1KK6OpzDnnG1qRPcDgQG6jUyyLq0fRoi0SOKQLXRg
careerjet,,7e1d10aa4a19e57f6be56f4c9cedeb09773f2612366d7b3fc4a6965df43a9aed,Lighting and AV Engineer,AECOM,Riyadh,,,https://jobviewtrack.com/v2/A_-lcUpEVJvGSG79Nx-E-oFaTqrRmcUmz3NeTpf6hGgETlGfLiVUJbQgEbequ_ily21edh01exNjw7rzqaLO07Tx_7QiBjkPG5gV696nzbA0YEqLJJO_uwxJSKNyHYCIagGhlbbmB6VCdRF2ltfyYuGQFAEWBOBwZfHCX5DDNJAgM3YjrOJXQ7RwPZosIQpvRXokwfzNkurh_E35HvDgfQ
careerjet,,f55b389277ddf5eb5750fb112935fc6a9833cc59c81ffd38b30cf8281f8c8e54,Taxi Driver - KSA,2coms,Makkah,,,https://jobviewtrack.com/v2/wkEne4SMYAzlFq-49mWKCR5k_W2xIvv9Iz9Gq7wW386j9lWmhRQlvFAj8h9F5HHenySc2nySA0Xu5YIWzb8tinzN4cXxNf3fwnuY3bElilomJyDEO1wAppVTlnXs9cxLcg1UiaJO-LKjj0bkaksMg6NqhPYDBGpLeAK2DBERyUEONsNJOH3IhxXwot2fckptcm3CyAUl_xt8KUaIzSHNrg
careerjet,,a1952f71a29dbeb0117a9da39cac333b7672ff0fa61908db591ccb96ebc6647f,Materials Inspector - Construction Quality Control,AECOM,Riyadh,,,https://jobviewtrack.com/v2/aFsdXsGLxU0baHf_dcGZg7ShW5k3uhMpTWPgs6j9eMKfhfzKPiLOg9SyjVX0yrAmWLm3jcpJBNBkV4tkiTWtA55vqNOT8jOb7WEMQF_Nc7bPadZaqZfKFOLNV7QBpabM_Rr9ZvCY5umjatHkfPIr2Tq3vQmTgv4Pb3hcDTP2CgRyDpmsLcv3uaBJz4WE2-z7--m0QELJuqD-Bkya4nZXwQ
careerjet,,5b9f83693fe8ce1c5df287f032393cb52e09756c8db6058389b02c495f456e0c,Junior HRBP (FMCG),Michael Page,Riyadh,,,https://jobviewtrack.com/v2/dTlYAW8_PV6ZPM-4vVH49JDkwCVrVpNRBkBdOEWHVDTnT01wud1A_M7m7gA4gPr5dw8l2t6LBve7IAHh_oTQNozs7TgSGqDPM1f7JnOW8RQcQ0ncOUEhVyXhEJmc3xzVoh1mglFUmxRRo0oIrzyuadhFZn3HjfmcWPj_IDhogAdJqkuE1xbwYgiPNPHCIsBJ-yP63Zk7y74ks002aK_5eA
careerjet,,7cab498bebebc8170dd012228a6ac83e315264ef581f9b83c09a9239c314d6c5,Eastern & Central Safety & Security Operations Director,Saudi Telecom,Riyadh,,,https://jobviewtrack.com/v2/zwLbfZRAMq2YbT7gSw15nl2o6SXQyYDYxiV1lMHp15pDt8B_t9qNxzat8SQwYzDtDSoEZ0CHfP-TTNtvMxq0W3AKdXbXJK_kZH9SSXr8HwkVFWbU-_t-8f9TxyAry-6mMKCoceSpjCA7y-D4nJaQqTwaQerPOcIjB0JN8UVGwa3iBVFEHWsoaz3b7eoAMb6mlqzVYKnENLgQN3_UUAr6xQ
careerjet,,4eab29ee5271676e9cd157cce7b9699ab34b2cb6d39b19c1ccf8503be8760a27,"Principal Specialist, Scheduling/Planning",KBR,Al Khubar,Ash Sharqiyah,,https://jobviewtrack.com/v2/iVR0m0lgznu-DnO0cOOsOuDyUFzUm8gcezTMSrGi46ngMPo1obDn9KzWsCn9CyezR0vofr5cFnwHIxr-3PHCo2vz24nwLkMe9kYduQbFvx-h02Tq1ASmBHD8kOK4DsRhIFcO8SMqkpayghZGE6SrSixKc3l1FLnbjMFMMTPYqeee2u9HM3ZftCmtT0bqoOh-JDKoRZlA-rAO4tlzbhcgZA
careerjet,,77fbc07e1f90f88a62a0e3c3955c0e78a275b2104c7da13dda36dfe38967348a,Director - Consumer Revenue Assurance,Saudi Telecom,Riyadh,,,https://jobviewtrack.com/v2/7QIYW8whY8dRae29uBNQZaznhJCuzTkYNkjMgMxhFsuuD7qfwsiAI3r7gaI_iF6ejIeSL0JoY3s3H1MI8-vPG8btmpPLwRunDl0Pc3JQG5u03tY0pY_G3ypplsRFXYMbwQLGxtyq0IkSoylQ5AXyMZ8OWj49q8Bk3ySLzftGT5xfvz_stIVLrxipYqo1YqEo2XyHNlF-OEe8_8dQf-UBfA
careerjet,,b81ec0daec0f99021375e338f5b98c4c29856049105a3f7e0cf757d82274ece8,"E Comm Key Account Manager, Quick Commerce",Reckitt Benckiser,Jeddah,Makkah,,https://jobviewtrack.com/v2/IgadU34RyQ-1OhFmH2bYaE2vfo3RtlQ8N_kGSvUYNlwbJa4b9s9FTDg3can2xY5pOH0yM-P1AP2o8oAy7CCc6V36HS7GCu1rCmHHIXG3INhbF1F6ftxUu6NUoO9qGAqT0MSGNRGNx5xKT-Bh77p4FfCB338tVdByZoWpsUVRrMjDWffAvD2X7a2tkVKWrg2MsfzM23oqTShjYIvkahfqXQ
careerjet,,9e970d82942726246aa2166b5f0d5e86223f3cca5fb2e6678e2463d6d0c3d4db,Oracle Apps Developer,Nexttec Technology Outsourcing,Riyadh,,,https://jobviewtrack.com/v2/dWayPxYVmNKIPeYhcMrE8xX8kwgvYS6ukY-Q2CC9RoBn7qMaiN4i6XC5I6_cBsLncsPMxKItz2-K3t30ADGzH8p23gu5IQkt3_9tl29RJInKOUqO_5kPBvxKhc4wwnortMCoWTbvfVS5ed2ANsgN7oMKoV0HzyzhVOmc-h1ClROH_an-YMJDxjWfA-WsDn7fa0em_OS4Q17AA6HTopQVQg
careerjet,,9c8ca1a1a529de2ae94da204b11367aa4e5696ee5f5e0bf82bb322f8dbbd8761,Store Manager - Mamas & Papas - Riyadh,Al Tayer Group,Riyadh,,,https://jobviewtrack.com/v2/YYE9zQykffDWDkL0FZ_JKc_moIsmo8AyNZz8beXZqadfDkFdxIdH6dCbXMSJlA6cvQ390THAaKI-r3k0ycsgg0IK9Vrqh_KNwl2CVUusm_pIAKOAa4QkskjO2a6CsAuwokQIgiN-lIjMh86k2JeWgPrtaLEnzvCYL7AByhMbsb-vqUKHj2SIDKQFQi82r8LAfvdmijsdOmzFSNTc-E80JA
careerjet,,5d74f32c3f183d034e90cfc8d8cbf8b340f0772ffa830ec0c004297644ff3a8b,IT Support Specialist/Engineer,SGS,Jeddah,Makkah,,https://jobviewtrack.com/v2/tyozLoAdvHNxvZu2_5IdAPTcDwN1nXsDgKzV9kfTcoAdL1gBocrFv-d7kz22TIq1_dGF8PYU44g1RBP537yeZNYWXttnMypjP6BGmUG09VreLjfKkWEmSLkGKDxkjYm91LxbDFiA4o0MPPRW4OVt1n-_pMuV8Yk81n4o1xqh0kqMWsk7m4Gp3HQD2C0sjEGANXHU-sum7hjyrJbupkgDyg
careerjet,,363d00389019b568c4457e8d822b7558f27aa198980b6a29a954a818e0fd5a32,Rigless Drilling Operations Foreman (Saudi Arabia),Eram Talent,Al Jubayl,Ash Sharqiyah,,https://jobviewtrack.com/v2/t4e-IdemjB5nDS3msgU1nPOtvMd7TlEA59UmUYY_5REUxdbgMB9ZTT14xxRuYtR36gcrEKyEf6CQKgYB16sFeDD-i10PRDSDI1Wk9yxyqr9uE4GnvUXOJEhkzoeP5YHfcOiHzsy6Gu3r5MOivtnFfkAthFGljZZIY1lK9DOYqsmFvUR00ARAg4auTF4w0KavA_NEBUpRO_a33XtdTR_U8g
careerjet,,688ee6887e1b48108de77357adccd0ff7189d01608718ac2fc4a2b0b6852709e,Receptionist,Hilton,Jeddah,Makkah,,https://jobviewtrack.com/v2/txAcnk8vvzbl4IzguoJykiz5t-lLo1zowjrHn5twvlC6jsMTfPsidHrBhadaLcW0_H-gSPJThoKKe2rxYtnJRSLsiKLzljRoryWqP6pu8h96A_XZia2HzcIrS2Eak7gEWNQGhE6WdA4YGUm-V8uAIDfgqKpEO2OcCkdPLTdYCQIF-uKy_2jTrciXLg_Pt-MLDHm4JfPWFN1YveYY9Ta0oA
careerjet,,a250d9123d2bed634dda69564b662e31d8c334463e71d5215ede744aea312669,Concierge Supervisor,Rosewood Hotel Group,Saudi Arabia,,,https://jobviewtrack.com/v2/eCArqelPCAAFN29LCSKXlJa809tqDxcK6hAoSQt0xCWZmdVtubMwK7N0n9gxpyv2Mc7crHBfZyKv38aZDJMuynNjqL47Q7aDnHmxkSEt6pxhbLl9WAkkgeKFDKH2vmC7x9Cl0QSOWbcmI3GTTYmAD-OFGoFNIP3K_MRBWdWjO083x3pDufRmhOVIf0ORnto2w0HiLukFqY49NMFC_emjXg
careerjet,,813944ad79ec7245789cecbc29b64ef4bdb475da8f65086edef5a27a1890bc0d,Field Project Engineer,Alfa Laval,Al Khubar,Ash Sharqiyah,,https://jobviewtrack.com/v2/G4Ifd0nN-C_kuFeMsk3htAKEe8UqNGofv7JV_iNozri4IH9OteG2nmxYwDcq1Ohj4L2gXLLV7XG7RXsYG1BUOtoqb_rVxQXK1bduy4KXWMw35B7GM58GVSI4MGG1OxlKBhJIkBdYEQQkNuplU_ePZyNq6gKIhOJG3f82UKIWAwXuWmKKf034-nVO3A1X1O9FY64xPYHYg46w4kL4b_D_zw
careerjet,,a7030169975c4c3a2a87263f4072eca205e3140d58db8d3dc0357e2ce2e70e36,Marketing Supervisor,,Saudi Arabia,,,https://jobviewtrack.com/v2/O2ia022lqQzP_GRCqcxD3ZCVHaUIE8vmlfL6E5AWjvle0KuxN8G5M4B-URFYLXlaEg8tmDR3VC5oFfkulNzWqXfta-lTSrc3EBq-wDuT70Dck4w6cRTyZ9e5rQpGcy2rlo3_IQjaSfko03QecIxUQjxsGJb_6GXQHVMecSUpRAq8kHsUqJk-bSTI8DyrSHA0dMyjiEJMNXUpXwPCNkdGVA
careerjet,,fbb442b8dedd2af95e46c00353df7e381623961d087e59236f08a15b9890d595,Freelance Brand Designer,Mindrift,Saudi Arabia,,,https://jobviewtrack.com/v2/7xGboD2vQZVyfI2odI3RY3ZHKAwAmIEe4KMFP65G-2RvXOyLGzTSZ1eE8FyIUxDRtb681I9LBiCEWA3bHO4zr5fGfV-UKauN-PgQEG0_HphPNCh3EUR-BW43k33jbfxjJ1tzr9-U3zWeRmg8dQehZuhY--pei_-3IaG5ieogdvSNCrh1XmAfTErdDsAAgt8H6FgJ3FXdIVmrqEI7a7M8jQ
jooble,-1733564566947666663,,Senior Software Engineer,aiXplain,Riyadh,,2026-08-23,https://sa.jooble.org/jdp/-1733564566947666663
jooble,-7362697528002849045,,Software Engineer,Prime Gate,Riyadh,,2026-06-25,https://sa.jooble.org/jdp/-7362697528002849045
jooble,1541570789520915015,,Embedded Software Engineer (Mid-Senior Level),Movandi,Riyadh,,2026-09-01,https://sa.jooble.org/jdp/1541570789520915015
jooble,4339413569151335538,,Software Engineer II - Android (Saudi National),HungerStation,Riyadh,,2026-08-19,https://sa.jooble.org/jdp/4339413569151335538
jooble,-4458334633505736665,,Business Development Manager - AI / Software Development | Saudi Arabia,Rawaj - Human Capital Management,Riyadh,,2026-07-28,https://sa.jooble.org/jdp/-4458334633505736665
jooble,-7098754978372826414,,MEP Engineer,AECOM,Riyadh,,2026-09-03,https://sa.jooble.org/jdp/-7098754978372826414
jooble,-6739740750505492271,,Data Privacy Specialist,KALSOFT,Jeddah,,2026-09-02,https://sa.jooble.org/jdp/-6739740750505492271
jooble,-315012355497662020,,Data Operator,Private Company,Jeddah,,2026-08-16,https://sa.jooble.org/jdp/-315012355497662020
jooble,-433613020121903543,,Accounts Data Entry Clerk,,Jeddah,,2026-08-27,https://sa.jooble.org/jdp/-433613020121903543
jooble,-6830922058396674753,,Commercial Performance Analyst,AlBorg Diagnostics,Jeddah,,2026-09-06,https://sa.jooble.org/jdp/-6830922058396674753
jooble,-3704758637163258149,,Data Extraction & Lead Generation Specialist,tawteen,Jeddah,,2026-08-26,https://sa.jooble.org/jdp/-3704758637163258149
jooble,2839966244830001053,,Senior Costing Analyst - Jeddah,MBRF Global Foods Company S.A.,Jeddah,,2026-09-09,https://sa.jooble.org/jdp/2839966244830001053
jooble,-8932722932997582916,,Accounting Analyst,Saudi Aramco (ASC),Saudi Arabia,,2026-02-19,https://sa.jooble.org/jdp/-8932722932997582916
jooble,-261756102079140793,,Accounting Analyst,Saudi Aramco (ASC),Saudi Arabia,,2026-02-17,https://sa.jooble.org/jdp/-261756102079140793
jooble,5695851738714217073,,Accounting Analyst,Saudi Aramco (ASC),Saudi Arabia,,2026-02-04,https://sa.jooble.org/jdp/5695851738714217073
jooble,2874359229038682899,,Channel Account Manager,ForeScout,Saudi Arabia,,2026-08-15,https://sa.jooble.org/jdp/2874359229038682899
jooble,-2022191942759881617,,MM Account Executive,Referral Board,Saudi Arabia,,2026-08-04,https://sa.jooble.org/jdp/-2022191942759881617
jooble,5807243738105366542,,Lead Accounting Analyst,Saudi Aramco (ASC),Saudi Arabia,,2026-03-11,https://sa.jooble.org/jdp/5807243738105366542
jooble,-4959551001592404436,,Country Unit Project Manager- KSA,STRAGO,Dammam,,2026-09-02,https://sa.jooble.org/jdp/-4959551001592404436
jooble,5052845463325126977,,Project Manager,Emerson Group,Dammam,,2026-09-07,https://sa.jooble.org/jdp/5052845463325126977
jooble,7118226060499654489,,Logistics Project Manager,"GE Vernova, Inc.",Dammam,,2026-09-08,https://sa.jooble.org/jdp/7118226060499654489
jooble,-4990950907181094648,,Project Manager - Substation,Hill Intl.,Dammam,,2026-09-06,https://sa.jooble.org/jdp/-4990950907181094648
jooble,9218183376603493581,,Project Management Engineer,Salem Balhamer Group.,Dammam,,2026-09-08,https://sa.jooble.org/jdp/9218183376603493581
jooble,-7110231245641985443,,Maintenance Project Manager,Saeed Raddad Group,Dammam,,2026-09-07,https://sa.jooble.org/jdp/-7110231245641985443
jooble,-6911443733229166532,,Staff Nurse,ABBA Personnel Services Inc.,Saudi Arabia,,2026-07-21,https://sa.jooble.org/jdp/-6911443733229166532
jooble,-2184599657763964450,,Male Nurse - Industrial,RK Travel Services,Saudi Arabia,,2026-09-08,https://sa.jooble.org/jdp/-2184599657763964450
jooble,1162359862849732886,,EMERGENCY NURSE 3.(Al-Hassa),Johns Hopkins Aramco Healthcare,Saudi Arabia,,2026-09-07,https://sa.jooble.org/jdp/1162359862849732886
jooble,8102808449680082420,,Emergency Nurse: Lead Clinician & Mentor in Critical Care,Johns Hopkins Aramco Healthcare,Saudi Arabia,,2026-09-07,https://sa.jooble.org/jdp/8102808449680082420
jooble,3019074052637151980,,Industrial Site Nurse - ER/ACLS ITLS Expert (5+ yrs),RK Travel Services,Saudi Arabia,,2026-09-08,https://sa.jooble.org/jdp/3019074052637151980
jooble,8063389525203771551,,Adult Psychiatrist - AlAhsa,Johns Hopkins Aramco Healthcare,Saudi Arabia,,2026-09-09,https://sa.jooble.org/jdp/8063389525203771551
tanqeeb,21222470,,Finance Director,Red Sea Global,,Saudi Arabia,2026-09-09,https://saudi.tanqeeb.com/jobs-in-saudi/all/jobs/021222470.html
tanqeeb,21223392,,Stewarding Shift Leader,Centro Olaya,,Saudi Arabia,2026-09-09,https://saudi.tanqeeb.com/jobs-in-saudi/all/jobs/021223392.html
tanqeeb,21223130,,Security Supervisor,Panda,,Saudi Arabia,2026-09-09,https://saudi.tanqeeb.com/jobs-in-saudi/all/jobs/021223130.html
tanqeeb,21222485,,إعلان البرنامج الوطني للتنمية المجتمعية في المناطق عن وظائف في عدة مجالات,البرنامج الوطني للتنمية المجتمعية في المناطق,Riyadh,Saudi Arabia,2026-09-09,https://saudi.tanqeeb.com/jobs-in-saudi/all/jobs/021222485.html
tanqeeb,21223460,,Senior Project Manager,Elm,Riyadh,Saudi Arabia,2026-09-09,https://saudi.tanqeeb.com/jobs-in-saudi/all/jobs/021223460.html
tanqeeb,21223456,,Computer Programmer,خبرة لتحصيل الديون,Riyadh,Saudi Arabia,2026-09-09,https://saudi.tanqeeb.com/jobs-in-saudi/all/jobs/021223456.html
tanqeeb,21222789,,EPMS Engineer,Air Products,Tabuk,Saudi Arabia,2026-09-09,https://saudi.tanqeeb.com/jobs-in-saudi/all/jobs/021222789.html
tanqeeb,21222480,,"Director, Governance, Risk and Compliance",Safe security,Riyadh,Saudi Arabia,2026-09-09,https://saudi.tanqeeb.com/jobs-in-saudi/all/jobs/021222480.html
tanqeeb,21222484,,إعلان هيئة الزكاة والضريبة والجمارك عن وظائف في التخصصات الإدارية والمالية والتقنية,هيئة الزكاة والضريبة والجمارك,Riyadh,Saudi Arabia,2026-09-09,https://saudi.tanqeeb.com/jobs-in-saudi/all/jobs/021222484.html
tanqeeb,21222483,,إعلان منصة سلة عن وظائف في مختلف التخصصات,منصة سلة,Jeddah,Saudi Arabia,2026-09-09,https://saudi.tanqeeb.com/jobs-in-saudi/all/jobs/021222483.html
tanqeeb,21222090,,Accountant,شركة وسط المنتزه للتجارة,Riyadh,Saudi Arabia,2026-09-09,https://saudi.tanqeeb.com/jobs-in-saudi/all/jobs/021222090.html
tanqeeb,21221855,,Job Opportunity | Pilates Instructor,PRIMY IN,Taif,Saudi Arabia,2026-09-08,https://saudi.tanqeeb.com/jobs-in-saudi/all/jobs/021221855.html
tanqeeb,21221843,,Restaurant Hostess,Ebhar,Riyadh,Saudi Arabia,2026-09-08,https://saudi.tanqeeb.com/jobs-in-saudi/all/jobs/021221843.html
tanqeeb,21219525,,إعلان الهيئة المصرية لضمان الجودة والاعتماد في التعليم الفني والتقني والتدريب المهني (إتقان) عن وظيفة مدير إدارة مراجعة مؤسسات وبرامج التعليم الفني,الهيئة المصرية لضمان الجودة والاعتماد في التعليم الفني والتقني والتدريب المهني (إتقان),Cairo,Saudi Arabia,2026-09-08,https://saudi.tanqeeb.com/jobs-in-saudi/all/jobs/021219525.html
tanqeeb,21219514,,إعلان مستشفى الملك فيصل التخصصي عن وظائف في عدد من التخصصات,مستشفى الملك فيصل التخصصي,Riyadh,Saudi Arabia,2026-09-08,https://saudi.tanqeeb.com/jobs-in-saudi/all/jobs/021219514.html
tanqeeb,21219508,,إعلان شركة طيران ناس عن فتح التوظيف بالضيافة الجوية,شركة طيران ناس,Abha,Saudi Arabia,2026-09-08,https://saudi.tanqeeb.com/jobs-in-saudi/all/jobs/021219508.html
tanqeeb,21214958,,Higher Institute Director,be,Jeddah,Saudi Arabia,2026-09-06,https://saudi.tanqeeb.com/jobs-in-saudi/all/jobs/021214958.html
tanqeeb,21212463,,Online International Curriculum Teacher (British / American / IB),Faheem,Riyadh,Saudi Arabia,2026-09-05,https://saudi.tanqeeb.com/jobs-in-saudi/all/jobs/021212463.html
tanqeeb,21185216,,Arabic and Religion Teacher,اليراعم الذهبية,Jeddah,Saudi Arabia,2026-08-25,https://saudi.tanqeeb.com/jobs-in-saudi/all/jobs/021185216.html
tanqeeb,21173554,,HR Trainer,معهد تأسيس العالي للتدريب,Riyadh,Saudi Arabia,2026-08-19,https://saudi.tanqeeb.com/jobs-in-saudi/all/jobs/021173554.html
tanqeeb,21164865,,Administrative Officer,شركة تدريب,Riyadh,Saudi Arabia,2026-08-16,https://saudi.tanqeeb.com/jobs-in-saudi/all/jobs/021164865.html
tanqeeb,21140247,,Sous Chef,,Riyadh,Saudi Arabia,2026-08-07,https://saudi.tanqeeb.com/jobs-in-saudi/all/jobs/021140247.html
tanqeeb,21122516,,English Language Teacher,,Riyadh,Saudi Arabia,2026-08-02,https://saudi.tanqeeb.com/jobs-in-saudi/all/jobs/021122516.html
tanqeeb,21122515,,Mathematics Teacher,,Riyadh,Saudi Arabia,2026-08-02,https://saudi.tanqeeb.com/jobs-in-saudi/all/jobs/021122515.html
tanqeeb,21217120,,Electrician,TRUST INTERNATIONAL,Al Ahsa,Saudi Arabia,2026-09-07,https://saudi.tanqeeb.com/jobs-in-saudi/all/jobs/021217120.html
tanqeeb,21212262,,#Electrical_Technician,Green,Riyadh,Saudi Arabia,2026-09-05,https://saudi.tanqeeb.com/jobs-in-saudi/all/jobs/021212262.html
tanqeeb,21209922,,Automotive Electrician,سمارت فيوجن,Jeddah,Saudi Arabia,2026-09-03,https://saudi.tanqeeb.com/jobs-in-saudi/all/jobs/021209922.html
tanqeeb,21201832,,Florist,تنسيق شهد للورود والهدايا,Al Ahsa,Saudi Arabia,2026-09-01,https://saudi.tanqeeb.com/jobs-in-saudi/all/jobs/021201832.html
tanqeeb,21197185,,سائق صف سيارات (فاليه),MASAR VALET,Riyadh,Saudi Arabia,2026-08-31,https://saudi.tanqeeb.com/jobs-in-saudi/all/jobs/021197185.html
tanqeeb,21196639,,Safety Engineer,artek,Riyadh,Saudi Arabia,2026-08-30,https://saudi.tanqeeb.com/jobs-in-saudi/all/jobs/021196639.html
tanqeeb,21196083,,Sales Representative,مصنع بيتا,Jeddah,Saudi Arabia,2026-08-30,https://saudi.tanqeeb.com/jobs-in-saudi/all/jobs/021196083.html
tanqeeb,21215326,,Architect,اشراق نجد للمقاولات,Riyadh,Saudi Arabia,2026-09-06,https://saudi.tanqeeb.com/jobs-in-saudi/all/jobs/021215326.html
tanqeeb,21209918,,Architect,مكتب هندسي,Riyadh,Saudi Arabia,2026-09-03,https://saudi.tanqeeb.com/jobs-in-saudi/all/jobs/021209918.html
tanqeeb,21196645,,مهندس كهرباء,مكتب القرافي للأستشارات الهندسية,Jeddah,Saudi Arabia,2026-08-30,https://saudi.tanqeeb.com/jobs-in-saudi/all/jobs/021196645.html
tanqeeb,21196644,,مهندس معماري,استشارات هندسية ومقاولات,Riyadh,Saudi Arabia,2026-08-30,https://saudi.tanqeeb.com/jobs-in-saudi/all/jobs/021196644.html
tanqeeb,21196348,,Electrician Required,Esad,Riyadh,Saudi Arabia,2026-08-30,https://saudi.tanqeeb.com/jobs-in-saudi/all/jobs/021196348.html
tanqeeb,21195135,,Civil Engineer,اشراق نجد للمقاولات,Riyadh,Saudi Arabia,2026-08-29,https://saudi.tanqeeb.com/jobs-in-saudi/all/jobs/021195135.html
tanqeeb,21191709,,Civil Engineer,مصنع مبدع الفن للصناعة,Qatif,Saudi Arabia,2026-08-27,https://saudi.tanqeeb.com/jobs-in-saudi/all/jobs/021191709.html
tanqeeb,21191681,,Structure Design Engineer,مكتب القرافي للأستشارات الهندسية,Jeddah,Saudi Arabia,2026-08-27,https://saudi.tanqeeb.com/jobs-in-saudi/all/jobs/021191681.html
tanqeeb,21194974,,Foul and Falafel Instructor,شركة الوفاق المتطورة للمقاولات,Jeddah,Saudi Arabia,2026-08-29,https://saudi.tanqeeb.com/jobs-in-saudi/all/jobs/021194974.html
tanqeeb,21222673,,Marketing Specialist,نيلوفر,Riyadh,Saudi Arabia,2026-09-09,https://saudi.tanqeeb.com/jobs-in-saudi/all/jobs/021222673.html
tanqeeb,21215425,,Front Office,فندق النجمة الذهبية,Jeddah,Saudi Arabia,2026-09-06,https://saudi.tanqeeb.com/jobs-in-saudi/all/jobs/021215425.html
tanqeeb,21208163,,Baker (Head Baker),شركة الوفاق المتطورة للمقاولات,Jeddah,Saudi Arabia,2026-09-03,https://saudi.tanqeeb.com/jobs-in-saudi/all/jobs/021208163.html
tanqeeb,21197166,,Travel Consultant - مستشار سفر,عصر السفر,Riyadh,Saudi Arabia,2026-08-31,https://saudi.tanqeeb.com/jobs-in-saudi/all/jobs/021197166.html
tanqeeb,21191418,,Food Server (Waiter),شركة رخام القابضة,Riyadh,Saudi Arabia,2026-08-27,https://saudi.tanqeeb.com/jobs-in-saudi/all/jobs/021191418.html
tanqeeb,21185196,,Sales and Events Coordinator,enala,Riyadh,Saudi Arabia,2026-08-25,https://saudi.tanqeeb.com/jobs-in-saudi/all/jobs/021185196.html
tanqeeb,21146884,,Reception,,Makkah,Saudi Arabia,2026-08-10,https://saudi.tanqeeb.com/jobs-in-saudi/all/jobs/021146884.html
tanqeeb,21144814,,Front Office Associate,Emaar Rsoukh Hotel,Medina,Saudi Arabia,2026-08-09,https://saudi.tanqeeb.com/jobs-in-saudi/all/jobs/021144814.html
tanqeeb,21120890,,Teacher,,Riyadh,Saudi Arabia,2026-08-01,https://saudi.tanqeeb.com/jobs-in-saudi/all/jobs/021120890.html
tanqeeb,21190268,,Sales Engineer – Construction & Insulation Solutions,شركة صالح للمقاولات والعزل,Medina,Saudi Arabia,2026-08-26,https://saudi.tanqeeb.com/jobs-in-saudi/all/jobs/021190268.html
tanqeeb,21222959,,Receptionist,مجمع نوفا لطب الاسنان,,Saudi Arabia,2026-09-09,https://saudi.tanqeeb.com/jobs-in-saudi/all/jobs/021222959.html
tanqeeb,21222961,,Director of Operations and Business Development,مؤسسة معاذ عصام الصبياني,,Saudi Arabia,2026-09-09,https://saudi.tanqeeb.com/jobs-in-saudi/all/jobs/021222961.html
tanqeeb,21222962,,Social Media Executive And Graphic Designer,Save your skin,,Saudi Arabia,2026-09-09,https://saudi.tanqeeb.com/jobs-in-saudi/all/jobs/021222962.html
tanqeeb,21222966,,Government Relations Officer (GRO),China State Construction Engrg.Corp LTD(KSA),,Saudi Arabia,2026-09-09,https://saudi.tanqeeb.com/jobs-in-saudi/all/jobs/021222966.html
tanqeeb,21223383,,Customs Clearance Office Representative,مؤسسة الرفاع العربية للتخليص الجمركي,Jeddah,Saudi Arabia,2026-09-09,https://saudi.tanqeeb.com/jobs-in-saudi/all/jobs/021223383.html
tanqeeb,21223388,,HR Admin,Absen  Middle East Company,,Saudi Arabia,2026-09-09,https://saudi.tanqeeb.com/jobs-in-saudi/all/jobs/021223388.html
tanqeeb,21223389,,HR Admin,Absen  Middle East Company,,Saudi Arabia,2026-09-09,https://saudi.tanqeeb.com/jobs-in-saudi/all/jobs/021223389.html
tanqeeb,21223400,,Customs Tariff Classifier and Data Entry Clerk,مؤسسة الرفاع العربية للتخليص الجمركي,Jeddah,Saudi Arabia,2026-09-09,https://saudi.tanqeeb.com/jobs-in-saudi/all/jobs/021223400.html
tanqeeb,21219368,,Supervisor Water Sport,Red Sea Global,,Saudi Arabia,2026-09-08,https://saudi.tanqeeb.com/jobs-in-saudi/all/jobs/021219368.html
tanqeeb,21217105,,Supervisor,Red Sea Global,,Saudi Arabia,2026-09-07,https://saudi.tanqeeb.com/jobs-in-saudi/all/jobs/021217105.html
tanqeeb,21217023,,Manager - Wellness Operational Integration,Red Sea Global,Jeddah,Saudi Arabia,2026-09-07,https://saudi.tanqeeb.com/jobs-in-saudi/all/jobs/021217023.html
tanqeeb,21215901,,Manager - Customer Service,Red Sea Global,,Saudi Arabia,2026-09-07,https://saudi.tanqeeb.com/jobs-in-saudi/all/jobs/021215901.html
tanqeeb,21215900,,Supervisor - Water Sport,Red Sea Global,,Saudi Arabia,2026-09-07,https://saudi.tanqeeb.com/jobs-in-saudi/all/jobs/021215900.html
tanqeeb,21215392,,Customer Service Manager,Red Sea Global,,Saudi Arabia,2026-09-06,https://saudi.tanqeeb.com/jobs-in-saudi/all/jobs/021215392.html
tanqeeb,21214309,,Manager Maintenance and Operations Support,Red Sea Global,Riyadh,Saudi Arabia,2026-09-06,https://saudi.tanqeeb.com/jobs-in-saudi/all/jobs/021214309.html
tanqeeb,21212604,,Manager Maintenance and Operations Support,Red Sea Global,,Saudi Arabia,2026-09-06,https://saudi.tanqeeb.com/jobs-in-saudi/all/jobs/021212604.html
tanqeeb,21212537,,Specialist Admin and Business Support,Red Sea Global,,Saudi Arabia,2026-09-06,https://saudi.tanqeeb.com/jobs-in-saudi/all/jobs/021212537.html
tanqeeb,21211266,,Manager - Maintenance and Operations Support,Red Sea Global,,Saudi Arabia,2026-09-04,https://saudi.tanqeeb.com/jobs-in-saudi/all/jobs/021211266.html
tanqeeb,21209810,,Manager - Maintenance and Operations Support,Red Sea Global,,Saudi Arabia,2026-09-03,https://saudi.tanqeeb.com/jobs-in-saudi/all/jobs/021209810.html
tanqeeb,21209761,,Senior Manager Logistics Centers,Red Sea Global,,Saudi Arabia,2026-09-03,https://saudi.tanqeeb.com/jobs-in-saudi/all/jobs/021209761.html
tanqeeb,21206576,,Specialist - Admin and Business Support,Red Sea Global,,Saudi Arabia,2026-09-02,https://saudi.tanqeeb.com/jobs-in-saudi/all/jobs/021206576.html
tanqeeb,21204702,,Senior Manager - Residential Marketing,Red Sea Global,Jeddah,Saudi Arabia,2026-09-02,https://saudi.tanqeeb.com/jobs-in-saudi/all/jobs/021204702.html
tanqeeb,21204650,,Events and Sponsorship Manager,Red Sea Global,Jeddah,Saudi Arabia,2026-09-02,https://saudi.tanqeeb.com/jobs-in-saudi/all/jobs/021204650.html
tanqeeb,21202173,,Senior Logistics Centers Manager,Red Sea Global,,Saudi Arabia,2026-09-01,https://saudi.tanqeeb.com/jobs-in-saudi/all/jobs/021202173.html
tanqeeb,21202168,,Admin and Business Support Specialist,Red Sea Global,,Saudi Arabia,2026-09-01,https://saudi.tanqeeb.com/jobs-in-saudi/all/jobs/021202168.html
tanqeeb,21218001,,Executive Secretary,عبد الاله عبد الرحمن الحسين و شريكة للنقليات,Riyadh,Saudi Arabia,2026-09-07,https://saudi.tanqeeb.com/jobs-in-saudi/all/jobs/021218001.html
tanqeeb,21197169,,مدير تشغيل – قطاع النقل المبرد والجاف والخدمات اللوجستية,شركة افاقكم,Jeddah,Saudi Arabia,2026-08-31,https://saudi.tanqeeb.com/jobs-in-saudi/all/jobs/021197169.html
tanqeeb,21183479,,Loading and Unloading Representative,خطوات القافله,Jeddah,Saudi Arabia,2026-08-24,https://saudi.tanqeeb.com/jobs-in-saudi/all/jobs/021183479.html
tanqeeb,21181089,,Transport & Accommodation Supervisor,SW,Riyadh,Saudi Arabia,2026-08-23,https://saudi.tanqeeb.com/jobs-in-saudi/all/jobs/021181089.html
tanqeeb,21180649,,Data Entry,QAWAM Logistics,Makkah,Saudi Arabia,2026-08-22,https://saudi.tanqeeb.com/jobs-in-saudi/all/jobs/021180649.html
tanqeeb,21169393,,Sales Supervisor,Power Flx,Jeddah,Saudi Arabia,2026-08-18,https://saudi.tanqeeb.com/jobs-in-saudi/all/jobs/021169393.html
tanqeeb,21169106,,warehouse supervisor,Electronic signal Company,Riyadh,Saudi Arabia,2026-08-18,https://saudi.tanqeeb.com/jobs-in-saudi/all/jobs/021169106.html
tanqeeb,21164737,,Male Cleaners,Mirror Prime Venture Co.,Riyadh,Saudi Arabia,2026-08-16,https://saudi.tanqeeb.com/jobs-in-saudi/all/jobs/021164737.html
tanqeeb,21174783,,EPMS Engineer,Air Products,Duba,Saudi Arabia,2026-08-19,https://saudi.tanqeeb.com/jobs-in-saudi/all/jobs/021174783.html
tanqeeb,21120951,,Restaurant Receptionist,,Jeddah,Saudi Arabia,2026-08-02,https://saudi.tanqeeb.com/jobs-in-saudi/all/jobs/021120951.html
tanqeeb,21093162,,Restaurant Hostess,Creative Hospitality,Jeddah,Saudi Arabia,2026-07-22,https://saudi.tanqeeb.com/jobs-in-saudi/all/jobs/021093162.html
tanqeeb,21076790,,Restaurant Guest Relation (Hostess),Four Seasons Hotels and Resorts,,Saudi Arabia,2026-07-17,https://saudi.tanqeeb.com/jobs-in-saudi/all/jobs/021076790.html
tanqeeb,21222780,,Sales Executive,Noble Horizon,Jeddah,Saudi Arabia,2026-09-09,https://saudi.tanqeeb.com/jobs-in-saudi/all/jobs/021222780.html
tanqeeb,21222759,,Sales Executive,DiaPRO,Jeddah,Saudi Arabia,2026-09-09,https://saudi.tanqeeb.com/jobs-in-saudi/all/jobs/021222759.html
tanqeeb,21222746,,Sales Representative,CES - MATLAB® in the Middle East,Jeddah,Saudi Arabia,2026-09-09,https://saudi.tanqeeb.com/jobs-in-saudi/all/jobs/021222746.html
tanqeeb,21222706,,Technical Sales Representative,Ground 9 Flooring,Eastern,Saudi Arabia,2026-09-09,https://saudi.tanqeeb.com/jobs-in-saudi/all/jobs/021222706.html
tanqeeb,21222585,,Project Sales Executive,Gowin (Office Furniture Solutions),Jeddah,Saudi Arabia,2026-09-09,https://saudi.tanqeeb.com/jobs-in-saudi/all/jobs/021222585.html
tanqeeb,21219794,,Sales Executive TT,MBRF,Jeddah,Saudi Arabia,2026-09-08,https://saudi.tanqeeb.com/jobs-in-saudi/all/jobs/021219794.html
tanqeeb,21219781,,Sales Executive FS,MBRF,Jeddah,Saudi Arabia,2026-09-08,https://saudi.tanqeeb.com/jobs-in-saudi/all/jobs/021219781.html
tanqeeb,21219674,,Sales Representative,,Jeddah,Saudi Arabia,2026-09-08,https://saudi.tanqeeb.com/jobs-in-saudi/all/jobs/021219674.html
tanqeeb,21222720,,Civil Engineer,Confidential Jobs,Eastern,Saudi Arabia,2026-09-09,https://saudi.tanqeeb.com/jobs-in-saudi/all/jobs/021222720.html
tanqeeb,21222612,,Civil Engineer,Confidential Careers,Jeddah,Saudi Arabia,2026-09-09,https://saudi.tanqeeb.com/jobs-in-saudi/all/jobs/021222612.html
tanqeeb,21219389,,Civil Engineer,Dallah Albaraka,,Saudi Arabia,2026-09-08,https://saudi.tanqeeb.com/jobs-in-saudi/all/jobs/021219389.html
tanqeeb,21216832,,Civil Engineer II,,Jeddah,Saudi Arabia,2026-09-07,https://saudi.tanqeeb.com/jobs-in-saudi/all/jobs/021216832.html
tanqeeb,21214393,,Civil Engineer,Caddell Construction,Jeddah,Saudi Arabia,2026-09-06,https://saudi.tanqeeb.com/jobs-in-saudi/all/jobs/021214393.html
tanqeeb,21214319,,Civil Engineer,Gulf Engineering House Consulting,Jeddah,Saudi Arabia,2026-09-06,https://saudi.tanqeeb.com/jobs-in-saudi/all/jobs/021214319.html
tanqeeb,21213589,,Civil Engineer,شركة الفيصلية العربية للمقاولات,Makkah,Saudi Arabia,2026-09-06,https://saudi.tanqeeb.com/jobs-in-saudi/all/jobs/021213589.html
tanqeeb,21213508,,Civil Engineer Airport Exp,Egis,Makkah,Saudi Arabia,2026-09-06,https://saudi.tanqeeb.com/jobs-in-saudi/all/jobs/021213508.html
tanqeeb,21219663,,Senior Merchandiser,PepsiCo,Jeddah,Saudi Arabia,2026-09-08,https://saudi.tanqeeb.com/jobs-in-saudi/all/jobs/021219663.html
tanqeeb,21213372,,Civil Engineer,شركة سفك,Khamis Mushait,Saudi Arabia,2026-09-06,https://saudi.tanqeeb.com/jobs-in-saudi/all/jobs/021213372.html
tanqeeb,21222714,,Solution Architect & Project Manager,NextEra,Jeddah,Saudi Arabia,2026-09-09,https://saudi.tanqeeb.com/jobs-in-saudi/all/jobs/021222714.html
tanqeeb,21222677,,Senior Project Manager,Horizontal Digital,Jeddah,Saudi Arabia,2026-09-09,https://saudi.tanqeeb.com/jobs-in-saudi/all/jobs/021222677.html
tanqeeb,21222566,,Project Manager,Lancesoft Middle East,Jeddah,Saudi Arabia,2026-09-09,https://saudi.tanqeeb.com/jobs-in-saudi/all/jobs/021222566.html
tanqeeb,21222515,,Project Manager,Lancesoft Middle East,Jeddah,Saudi Arabia,2026-09-09,https://saudi.tanqeeb.com/jobs-in-saudi/all/jobs/021222515.html
tanqeeb,21222510,,Cap Ex Engineering Project Manager,ARM International,Jeddah,Saudi Arabia,2026-09-09,https://saudi.tanqeeb.com/jobs-in-saudi/all/jobs/021222510.html
tanqeeb,21222509,,Project Manager,Lancesoft Middle East,Jeddah,Saudi Arabia,2026-09-09,https://saudi.tanqeeb.com/jobs-in-saudi/all/jobs/021222509.html
tanqeeb,21219810,,Project Manager,Key Talent Solutions,Jeddah,Saudi Arabia,2026-09-08,https://saudi.tanqeeb.com/jobs-in-saudi/all/jobs/021219810.html
tanqeeb,21165430,,Visual Merchandiser,مجمع العائلة,Riyadh,Saudi Arabia,2026-08-17,https://saudi.tanqeeb.com/jobs-in-saudi/all/jobs/021165430.html
tanqeeb,21152086,,Salesperson and Cashier,sfaqat,Jeddah,Saudi Arabia,2026-08-11,https://saudi.tanqeeb.com/jobs-in-saudi/all/jobs/021152086.html
tanqeeb,21120899,,Seller,,Jubail,Saudi Arabia,2026-08-02,https://saudi.tanqeeb.com/jobs-in-saudi/all/jobs/021120899.html
tanqeeb,21113423,,IT SUPPORT,,Riyadh,Saudi Arabia,2026-07-29,https://saudi.tanqeeb.com/jobs-in-saudi/all/jobs/021113423.html
tanqeeb,21094117,,Required Accountant - Remote,,Riyadh,Saudi Arabia,2026-07-22,https://saudi.tanqeeb.com/jobs-in-saudi/all/jobs/021094117.html
